violation_id,agent_id,control_id,detected_date,severity,status,remediation_due_date,remediation_completed_date,fpa_complexity
VIO-00001,AGT-0027,FW-NIST-MANAGE-1.3,2026-01-01,Info,false_positive,2027-01-01,,S
VIO-00002,AGT-0057,FW-NIST-MANAGE-1.3,2026-03-01,Medium,open,2026-03-31,,M
VIO-00003,AGT-0058,FW-EUAI-ART-9,2026-01-11,Medium,remediated,2026-02-10,2026-01-26,M
VIO-00004,AGT-0018,FW-EUAI-ART-10,2026-02-20,High,open,2026-02-27,,L
VIO-00005,AGT-0026,FW-ATLAS-AML.T0051,2026-04-28,Medium,false_positive,2026-05-28,,M
VIO-00006,AGT-0059,FW-NIST-MANAGE-4.1,2025-12-12,High,open,2025-12-19,,L
VIO-00007,AGT-0009,FW-EUAI-ART-14,2026-03-25,High,in_progress,2026-04-01,,M
VIO-00008,AGT-0021,FW-NIST-MAP-2.3,2026-02-22,Medium,open,2026-03-24,,XL
VIO-00009,AGT-0027,FW-ATLAS-AML.T0040,2026-01-30,Low,open,2026-04-30,,M
VIO-00010,AGT-0023,FW-ATLAS-AML.T0053,2025-12-15,Medium,open,2026-01-14,,S
VIO-00011,AGT-0016,FW-ATLAS-AML.T0043,2025-12-22,Low,open,2026-03-22,,S
VIO-00012,AGT-0043,FW-OWASP-LLM08,2026-04-05,Medium,in_progress,2026-05-05,,M
VIO-00013,AGT-0024,FW-ATLAS-AML.T0051,2026-05-01,High,remediated,2026-05-08,2026-05-04,XL
VIO-00014,AGT-0007,FW-OWASP-LLM02,2026-01-03,Medium,remediated,2026-02-02,2026-01-28,M
VIO-00015,AGT-0046,FW-ATLAS-AML.T0043,2025-12-05,Critical,remediated,2025-12-08,2025-12-09,M
VIO-00016,AGT-0050,FW-ATLAS-AML.T0057,2025-12-28,Low,remediated,2026-03-28,2026-03-11,M
VIO-00017,AGT-0023,FW-ISO-8.4,2026-02-25,Medium,open,2026-03-27,,M
VIO-00018,AGT-0001,FW-EUAI-ART-9,2026-05-03,Low,in_progress,2026-08-01,,S
VIO-00019,AGT-0058,FW-EUAI-ART-14,2026-02-08,Medium,open,2026-03-10,,M
VIO-00020,AGT-0042,FW-ATLAS-AML.T0044,2026-01-13,Medium,remediated,2026-02-12,2026-02-12,M
VIO-00021,AGT-0047,FW-ATLAS-AML.T0044,2026-03-29,High,remediated,2026-04-05,2026-03-31,M
VIO-00022,AGT-0029,FW-ATLAS-AML.T0054,2026-01-05,Medium,remediated,2026-02-04,2026-01-30,M
VIO-00023,AGT-0032,FW-NIST-GOVERN-1.1,2026-04-06,Critical,in_progress,2026-04-09,,M
VIO-00024,AGT-0018,FW-ATLAS-AML.T0044,2026-01-18,High,false_positive,2026-01-25,,S
VIO-00025,AGT-0047,FW-EUAI-ART-9,2026-03-30,High,remediated,2026-04-06,2026-04-10,L
VIO-00026,AGT-0029,FW-OWASP-LLM02,2026-04-04,Critical,in_progress,2026-04-07,,M
VIO-00027,AGT-0043,FW-NIST-MEASURE-2.11,2026-01-15,Medium,open,2026-02-14,,XL
VIO-00028,AGT-0036,FW-NIST-MAP-2.3,2026-02-03,High,open,2026-02-10,,M
VIO-00029,AGT-0008,FW-ATLAS-AML.T0043,2026-01-13,High,false_positive,2026-01-20,,L
VIO-00030,AGT-0013,FW-ATLAS-AML.T0049,2026-03-21,Medium,remediated,2026-04-20,2026-04-24,M
VIO-00031,AGT-0007,FW-ATLAS-AML.T0043,2026-02-27,High,open,2026-03-06,,S
VIO-00032,AGT-0035,FW-OWASP-LLM09,2026-05-17,High,remediated,2026-05-24,2026-05-29,XL
VIO-00033,AGT-0041,FW-EUAI-ART-50,2026-05-27,High,remediated,2026-06-03,2026-06-04,L
VIO-00034,AGT-0022,FW-ATLAS-AML.T0048,2026-03-27,Info,false_positive,2027-03-27,,S
VIO-00035,AGT-0053,FW-OWASP-LLM05,2026-05-12,High,remediated,2026-05-19,2026-05-23,S
VIO-00036,AGT-0010,FW-ATLAS-AML.T0057,2026-03-28,Critical,open,2026-03-31,,XL
VIO-00037,AGT-0039,FW-ATLAS-AML.T0053,2026-02-22,Low,in_progress,2026-05-23,,S
VIO-00038,AGT-0056,FW-EUAI-ART-10,2025-12-23,High,open,2025-12-30,,XL
VIO-00039,AGT-0007,FW-ATLAS-AML.T0049,2026-03-24,Medium,remediated,2026-04-23,2026-04-04,S
VIO-00040,AGT-0036,FW-OWASP-LLM05,2026-02-15,Critical,in_progress,2026-02-18,,L
VIO-00041,AGT-0019,FW-OWASP-LLM03,2025-12-01,High,open,2025-12-08,,XL
VIO-00042,AGT-0005,FW-ATLAS-AML.T0053,2025-12-21,Info,remediated,2026-12-21,2026-04-02,S
VIO-00043,AGT-0035,FW-ATLAS-AML.T0053,2026-03-23,Medium,remediated,2026-04-22,2026-03-28,S
VIO-00044,AGT-0051,FW-ATLAS-AML.T0057,2026-01-05,Medium,false_positive,2026-02-04,,M
VIO-00045,AGT-0030,FW-ATLAS-AML.T0057,2026-03-22,Medium,in_progress,2026-04-21,,M
VIO-00046,AGT-0006,FW-OWASP-LLM03,2026-03-09,Low,remediated,2026-06-07,2026-03-13,S
VIO-00047,AGT-0044,FW-OWASP-LLM02,2025-12-09,Info,remediated,2026-12-09,2026-10-01,S
VIO-00048,AGT-0049,FW-ATLAS-AML.T0048,2025-12-15,Medium,in_progress,2026-01-14,,M
VIO-00049,AGT-0038,FW-EUAI-ART-10,2026-01-25,Medium,false_positive,2026-02-24,,M
VIO-00050,AGT-0027,FW-NIST-MAP-2.3,2026-05-04,Medium,accepted_risk,2026-06-03,,M
VIO-00051,AGT-0045,FW-EUAI-ART-50,2026-02-17,High,remediated,2026-02-24,2026-02-26,S
VIO-00052,AGT-0006,FW-NIST-GOVERN-1.1,2026-05-01,High,false_positive,2026-05-08,,M
VIO-00053,AGT-0033,FW-OWASP-LLM01,2026-01-12,High,in_progress,2026-01-19,,S
VIO-00054,AGT-0034,FW-NIST-MEASURE-2.11,2026-01-23,Medium,remediated,2026-02-22,2026-01-27,S
VIO-00055,AGT-0036,FW-OWASP-LLM09,2026-02-07,Low,accepted_risk,2026-05-08,,S
VIO-00056,AGT-0002,FW-ATLAS-AML.T0054,2026-03-12,High,remediated,2026-03-19,2026-03-21,M
VIO-00057,AGT-0015,FW-OWASP-LLM08,2026-04-30,Medium,remediated,2026-05-30,2026-05-10,M
VIO-00058,AGT-0046,FW-ATLAS-AML.T0024,2026-03-22,High,in_progress,2026-03-29,,L
VIO-00059,AGT-0031,FW-ATLAS-AML.T0054,2026-04-23,Medium,in_progress,2026-05-23,,L
VIO-00060,AGT-0033,FW-OWASP-LLM09,2026-03-21,Low,remediated,2026-06-19,2026-05-14,S
VIO-00061,AGT-0051,FW-ISO-8.2,2026-05-30,High,open,2026-06-06,,M
VIO-00062,AGT-0038,FW-EUAI-ART-50,2026-02-05,Low,in_progress,2026-05-06,,S
VIO-00063,AGT-0036,FW-ISO-8.4,2026-03-09,High,accepted_risk,2026-03-16,,XL
VIO-00064,AGT-0016,FW-NIST-MANAGE-1.3,2026-02-14,High,open,2026-02-21,,L
VIO-00065,AGT-0046,FW-NIST-MANAGE-1.3,2025-12-12,High,remediated,2025-12-19,2025-12-23,XL
VIO-00066,AGT-0032,FW-OWASP-LLM03,2025-12-30,Critical,open,2026-01-02,,M
VIO-00067,AGT-0055,FW-EUAI-ART-13,2026-02-03,Critical,open,2026-02-06,,M
VIO-00068,AGT-0056,FW-OWASP-LLM10,2026-03-24,Critical,open,2026-03-27,,L
VIO-00069,AGT-0042,FW-OWASP-LLM06,2025-12-09,Low,accepted_risk,2026-03-09,,S
VIO-00070,AGT-0021,FW-EUAI-ART-50,2026-05-21,Medium,remediated,2026-06-20,2026-06-06,M
VIO-00071,AGT-0059,FW-ATLAS-AML.T0024,2026-05-07,Info,in_progress,2027-05-07,,S
VIO-00072,AGT-0041,FW-OWASP-LLM07,2025-12-04,Medium,open,2026-01-03,,S
VIO-00073,AGT-0021,FW-OWASP-LLM04,2026-02-24,Critical,in_progress,2026-02-27,,M
VIO-00074,AGT-0027,FW-ATLAS-AML.T0048,2026-05-10,High,remediated,2026-05-17,2026-05-17,L
VIO-00075,AGT-0016,FW-EUAI-ART-50,2026-04-24,Low,open,2026-07-23,,M
VIO-00076,AGT-0030,FW-ATLAS-AML.T0040,2026-01-31,Medium,false_positive,2026-03-02,,M
VIO-00077,AGT-0011,FW-OWASP-LLM05,2026-03-03,Medium,false_positive,2026-04-02,,M
VIO-00078,AGT-0028,FW-ATLAS-AML.T0040,2026-03-14,Medium,open,2026-04-13,,M
VIO-00079,AGT-0031,FW-OWASP-LLM07,2026-01-04,High,in_progress,2026-01-11,,M
VIO-00080,AGT-0045,FW-ATLAS-AML.T0024,2025-12-13,Critical,in_progress,2025-12-16,,S
VIO-00081,AGT-0056,FW-OWASP-LLM04,2026-01-23,Low,remediated,2026-04-23,2026-03-01,M
VIO-00082,AGT-0015,FW-NIST-MEASURE-2.7,2026-04-12,High,remediated,2026-04-19,2026-04-23,L
VIO-00083,AGT-0050,FW-OWASP-LLM09,2025-12-21,Medium,remediated,2026-01-20,2026-01-10,L
VIO-00084,AGT-0003,FW-NIST-MEASURE-2.11,2026-05-07,Low,false_positive,2026-08-05,,S
VIO-00085,AGT-0027,FW-ATLAS-AML.T0048,2026-01-12,High,accepted_risk,2026-01-19,,M
VIO-00086,AGT-0033,FW-ATLAS-AML.T0044,2026-03-26,Medium,false_positive,2026-04-25,,L
VIO-00087,AGT-0052,FW-ATLAS-AML.T0024,2026-03-05,High,remediated,2026-03-12,2026-03-13,XL
VIO-00088,AGT-0010,FW-ATLAS-AML.T0053,2025-12-09,Low,false_positive,2026-03-09,,L
VIO-00089,AGT-0052,FW-ISO-9.4,2026-02-18,Critical,open,2026-02-21,,L
VIO-00090,AGT-0030,FW-NIST-MEASURE-2.11,2025-12-09,Medium,open,2026-01-08,,M
VIO-00091,AGT-0041,FW-NIST-MEASURE-2.11,2026-04-01,High,in_progress,2026-04-08,,L
VIO-00092,AGT-0036,FW-NIST-GOVERN-1.1,2026-04-04,Low,remediated,2026-07-03,2026-06-25,M
VIO-00093,AGT-0059,FW-ATLAS-AML.T0057,2026-05-01,Medium,open,2026-05-31,,L
VIO-00094,AGT-0020,FW-EUAI-ART-50,2026-03-31,Critical,accepted_risk,2026-04-03,,M
VIO-00095,AGT-0030,FW-NIST-MEASURE-2.11,2025-12-03,Medium,false_positive,2026-01-02,,M
VIO-00096,AGT-0048,FW-OWASP-LLM10,2025-12-14,Low,open,2026-03-14,,S
VIO-00097,AGT-0027,FW-ATLAS-AML.T0044,2026-02-25,Critical,open,2026-02-28,,L
VIO-00098,AGT-0016,FW-NIST-MEASURE-2.11,2025-12-06,Critical,in_progress,2025-12-09,,XL
VIO-00099,AGT-0042,FW-NIST-MEASURE-2.7,2026-03-21,Critical,open,2026-03-24,,M
VIO-00100,AGT-0055,FW-EUAI-ART-14,2026-04-06,Critical,remediated,2026-04-09,2026-04-07,M
VIO-00101,AGT-0022,FW-ATLAS-AML.T0054,2026-01-06,Info,open,2027-01-06,,M
VIO-00102,AGT-0036,FW-ATLAS-AML.T0049,2026-04-01,High,open,2026-04-08,,M
VIO-00103,AGT-0058,FW-OWASP-LLM01,2026-04-23,High,false_positive,2026-04-30,,L
VIO-00104,AGT-0052,FW-ATLAS-AML.T0048,2026-05-24,Critical,open,2026-05-27,,L
VIO-00105,AGT-0051,FW-ATLAS-AML.T0054,2026-05-26,Medium,open,2026-06-25,,S
VIO-00106,AGT-0048,FW-EUAI-ART-9,2026-05-14,High,in_progress,2026-05-21,,L
VIO-00107,AGT-0033,FW-OWASP-LLM07,2026-04-04,High,false_positive,2026-04-11,,S
VIO-00108,AGT-0051,FW-ISO-8.3,2025-12-17,High,false_positive,2025-12-24,,S
VIO-00109,AGT-0031,FW-NIST-MANAGE-4.1,2026-05-03,Medium,in_progress,2026-06-02,,L
VIO-00110,AGT-0005,FW-OWASP-LLM06,2026-04-23,High,open,2026-04-30,,M
VIO-00111,AGT-0041,FW-ISO-9.4,2026-02-22,Low,false_positive,2026-05-23,,M
VIO-00112,AGT-0030,FW-ISO-8.2,2026-05-05,Medium,remediated,2026-06-04,2026-05-13,L
VIO-00113,AGT-0042,FW-ISO-9.4,2026-04-05,Low,in_progress,2026-07-04,,L
VIO-00114,AGT-0027,FW-NIST-MAP-2.3,2026-02-17,Low,in_progress,2026-05-18,,S
VIO-00115,AGT-0028,FW-NIST-GOVERN-1.1,2026-02-24,Medium,false_positive,2026-03-26,,M
VIO-00116,AGT-0031,FW-OWASP-LLM05,2026-05-09,Critical,open,2026-05-12,,M
VIO-00117,AGT-0048,FW-NIST-MEASURE-2.11,2026-01-08,Medium,open,2026-02-07,,XL
VIO-00118,AGT-0036,FW-NIST-MAP-2.3,2026-02-14,Medium,in_progress,2026-03-16,,M
VIO-00119,AGT-0049,FW-EUAI-ART-10,2026-05-17,Low,false_positive,2026-08-15,,M
VIO-00120,AGT-0023,FW-OWASP-LLM07,2026-04-06,Medium,open,2026-05-06,,M
VIO-00121,AGT-0055,FW-OWASP-LLM07,2026-01-08,High,in_progress,2026-01-15,,L
VIO-00122,AGT-0037,FW-ATLAS-AML.T0053,2026-01-07,Low,false_positive,2026-04-07,,M
VIO-00123,AGT-0040,FW-ISO-9.4,2025-12-13,Critical,remediated,2025-12-16,2025-12-18,S
VIO-00124,AGT-0018,FW-ATLAS-AML.T0057,2026-03-02,Low,open,2026-05-31,,L
VIO-00125,AGT-0037,FW-NIST-MANAGE-4.1,2025-12-19,Critical,false_positive,2025-12-22,,M
VIO-00126,AGT-0034,FW-ATLAS-AML.T0049,2026-02-03,High,open,2026-02-10,,M
VIO-00127,AGT-0047,FW-NIST-GOVERN-1.1,2026-01-05,Medium,remediated,2026-02-04,2026-01-09,S
VIO-00128,AGT-0049,FW-OWASP-LLM04,2026-03-22,Medium,in_progress,2026-04-21,,M
VIO-00129,AGT-0039,FW-EUAI-ART-13,2026-04-05,Medium,remediated,2026-05-05,2026-04-13,M
VIO-00130,AGT-0008,FW-ATLAS-AML.T0024,2025-12-30,Medium,in_progress,2026-01-29,,M
VIO-00131,AGT-0003,FW-ATLAS-AML.T0053,2025-12-28,Medium,open,2026-01-27,,S
VIO-00132,AGT-0014,FW-OWASP-LLM09,2026-03-17,Low,open,2026-06-15,,S
VIO-00133,AGT-0048,FW-EUAI-ART-10,2026-02-22,Critical,in_progress,2026-02-25,,M
VIO-00134,AGT-0036,FW-NIST-MEASURE-2.7,2026-05-20,Critical,in_progress,2026-05-23,,L
VIO-00135,AGT-0005,FW-NIST-GOVERN-1.1,2026-01-04,Medium,in_progress,2026-02-03,,M
VIO-00136,AGT-0019,FW-OWASP-LLM08,2026-03-08,Medium,open,2026-04-07,,L
VIO-00137,AGT-0030,FW-NIST-MEASURE-2.11,2026-05-03,Critical,open,2026-05-06,,L
VIO-00138,AGT-0034,FW-OWASP-LLM06,2026-03-12,High,remediated,2026-03-19,2026-03-16,M
VIO-00139,AGT-0011,FW-OWASP-LLM05,2026-05-01,Medium,in_progress,2026-05-31,,S
VIO-00140,AGT-0050,FW-NIST-MEASURE-2.7,2025-12-16,High,remediated,2025-12-23,2025-12-20,M
VIO-00141,AGT-0017,FW-ATLAS-AML.T0043,2026-04-21,Critical,remediated,2026-04-24,2026-04-23,M
VIO-00142,AGT-0050,FW-EUAI-ART-50,2026-01-06,Medium,remediated,2026-02-05,2026-02-04,M
VIO-00143,AGT-0057,FW-NIST-GOVERN-1.1,2025-12-21,Low,open,2026-03-21,,S
VIO-00144,AGT-0031,FW-EUAI-ART-13,2026-03-21,Medium,remediated,2026-04-20,2026-04-13,M
VIO-00145,AGT-0020,FW-EUAI-ART-14,2026-05-16,Medium,in_progress,2026-06-15,,M
VIO-00146,AGT-0042,FW-OWASP-LLM06,2026-01-21,Medium,in_progress,2026-02-20,,M
VIO-00147,AGT-0051,FW-OWASP-LLM03,2026-01-04,Medium,remediated,2026-02-03,2026-01-25,M
VIO-00148,AGT-0033,FW-OWASP-LLM10,2026-02-04,Info,open,2027-02-04,,M
VIO-00149,AGT-0022,FW-OWASP-LLM06,2026-04-16,High,open,2026-04-23,,L
VIO-00150,AGT-0029,FW-ISO-8.3,2026-04-20,High,in_progress,2026-04-27,,XL
VIO-00151,AGT-0025,FW-EUAI-ART-9,2025-12-08,Low,remediated,2026-03-08,2026-02-27,M
VIO-00152,AGT-0005,FW-NIST-MAP-2.3,2025-12-08,Critical,in_progress,2025-12-11,,M
VIO-00153,AGT-0055,FW-OWASP-LLM10,2026-01-01,High,remediated,2026-01-08,2026-01-07,M
VIO-00154,AGT-0042,FW-NIST-MANAGE-4.1,2026-05-09,High,open,2026-05-16,,M
VIO-00155,AGT-0051,FW-NIST-MAP-2.3,2025-12-10,Low,remediated,2026-03-10,2026-03-15,XL
VIO-00156,AGT-0059,FW-ISO-8.3,2025-12-10,Critical,in_progress,2025-12-13,,L
VIO-00157,AGT-0024,FW-ATLAS-AML.T0057,2026-04-06,Critical,open,2026-04-09,,XL
VIO-00158,AGT-0013,FW-ATLAS-AML.T0053,2026-04-21,Info,open,2027-04-21,,M
VIO-00159,AGT-0007,FW-ISO-8.2,2026-01-16,Medium,open,2026-02-15,,M
VIO-00160,AGT-0050,FW-OWASP-LLM09,2026-04-21,Medium,open,2026-05-21,,L
VIO-00161,AGT-0050,FW-ATLAS-AML.T0051,2026-05-19,Medium,in_progress,2026-06-18,,M
VIO-00162,AGT-0016,FW-EUAI-ART-13,2026-02-05,Medium,open,2026-03-07,,S
VIO-00163,AGT-0052,FW-EUAI-ART-15,2026-04-11,Medium,in_progress,2026-05-11,,L
VIO-00164,AGT-0029,FW-EUAI-ART-14,2026-02-22,Medium,in_progress,2026-03-24,,M
VIO-00165,AGT-0011,FW-ATLAS-AML.T0043,2026-04-25,Low,accepted_risk,2026-07-24,,S
VIO-00166,AGT-0031,FW-NIST-MEASURE-2.11,2026-05-04,Medium,remediated,2026-06-03,2026-06-07,L
VIO-00167,AGT-0019,FW-OWASP-LLM06,2026-03-22,Low,in_progress,2026-06-20,,M
VIO-00168,AGT-0054,FW-EUAI-ART-10,2026-04-04,Critical,remediated,2026-04-07,2026-04-10,XL
VIO-00169,AGT-0027,FW-OWASP-LLM04,2026-02-24,Medium,open,2026-03-26,,XL
VIO-00170,AGT-0024,FW-ATLAS-AML.T0053,2026-05-05,Critical,remediated,2026-05-08,2026-05-11,XL
VIO-00171,AGT-0009,FW-OWASP-LLM03,2026-01-30,High,remediated,2026-02-06,2026-02-02,L
VIO-00172,AGT-0031,FW-EUAI-ART-13,2026-05-10,Medium,open,2026-06-09,,S
VIO-00173,AGT-0010,FW-ISO-9.4,2025-12-26,Low,in_progress,2026-03-26,,S
VIO-00174,AGT-0019,FW-ATLAS-AML.T0054,2026-05-18,Medium,open,2026-06-17,,M
VIO-00175,AGT-0040,FW-EUAI-ART-14,2026-01-23,Critical,remediated,2026-01-26,2026-01-24,L
VIO-00176,AGT-0037,FW-ATLAS-AML.T0054,2026-03-17,Medium,in_progress,2026-04-16,,M
VIO-00177,AGT-0016,FW-EUAI-ART-9,2025-12-10,High,open,2025-12-17,,XL
VIO-00178,AGT-0005,FW-ISO-8.3,2026-01-21,Medium,remediated,2026-02-20,2026-02-15,L
VIO-00179,AGT-0003,FW-NIST-MANAGE-1.3,2026-03-27,Info,remediated,2027-03-27,2026-09-26,M
VIO-00180,AGT-0023,FW-ATLAS-AML.T0054,2025-12-21,Medium,open,2026-01-20,,M
VIO-00181,AGT-0049,FW-NIST-MAP-2.3,2026-03-01,Critical,in_progress,2026-03-04,,XL
VIO-00182,AGT-0012,FW-EUAI-ART-14,2026-01-28,Info,remediated,2027-01-28,2026-04-08,S
VIO-00183,AGT-0050,FW-EUAI-ART-14,2026-04-09,Critical,open,2026-04-12,,M
VIO-00184,AGT-0003,FW-NIST-GOVERN-1.1,2026-01-19,Info,in_progress,2027-01-19,,M
VIO-00185,AGT-0031,FW-ATLAS-AML.T0040,2025-12-16,Critical,open,2025-12-19,,L
VIO-00186,AGT-0050,FW-OWASP-LLM04,2026-03-07,Low,open,2026-06-05,,M
VIO-00187,AGT-0028,FW-NIST-MANAGE-4.1,2026-02-21,Medium,open,2026-03-23,,S
VIO-00188,AGT-0045,FW-EUAI-ART-50,2026-01-18,High,open,2026-01-25,,S
VIO-00189,AGT-0028,FW-OWASP-LLM06,2026-04-14,High,in_progress,2026-04-21,,M
VIO-00190,AGT-0006,FW-NIST-GOVERN-1.1,2026-03-13,Medium,in_progress,2026-04-12,,L
VIO-00191,AGT-0011,FW-EUAI-ART-13,2026-05-20,High,remediated,2026-05-27,2026-05-26,L
VIO-00192,AGT-0028,FW-ATLAS-AML.T0044,2026-05-16,Medium,open,2026-06-15,,M
VIO-00193,AGT-0024,FW-ISO-8.2,2025-12-08,Medium,open,2026-01-07,,S
VIO-00194,AGT-0055,FW-EUAI-ART-13,2026-05-13,Critical,open,2026-05-16,,L
VIO-00195,AGT-0024,FW-NIST-MANAGE-1.3,2026-05-22,Low,remediated,2026-08-20,2026-08-17,S
VIO-00196,AGT-0024,FW-NIST-MEASURE-2.11,2026-05-11,High,remediated,2026-05-18,2026-05-20,M
VIO-00197,AGT-0021,FW-ATLAS-AML.T0044,2026-05-01,Critical,open,2026-05-04,,M
VIO-00198,AGT-0034,FW-NIST-MANAGE-1.3,2026-04-30,Low,open,2026-07-29,,S
VIO-00199,AGT-0029,FW-ATLAS-AML.T0049,2026-03-18,Info,remediated,2027-03-18,2026-11-25,S
VIO-00200,AGT-0009,FW-OWASP-LLM05,2026-02-06,Medium,false_positive,2026-03-08,,L
VIO-00201,AGT-0055,FW-NIST-GOVERN-1.1,2026-05-14,Medium,in_progress,2026-06-13,,M
VIO-00202,AGT-0020,FW-ATLAS-AML.T0051,2025-12-02,Medium,remediated,2026-01-01,2025-12-26,M
VIO-00203,AGT-0008,FW-ATLAS-AML.T0043,2026-03-31,Low,remediated,2026-06-29,2026-04-04,S
VIO-00204,AGT-0037,FW-NIST-MEASURE-2.11,2026-01-09,Medium,open,2026-02-08,,L
VIO-00205,AGT-0005,FW-ATLAS-AML.T0057,2026-01-28,Medium,in_progress,2026-02-27,,L
VIO-00206,AGT-0053,FW-OWASP-LLM05,2026-03-10,Critical,remediated,2026-03-13,2026-03-18,L
VIO-00207,AGT-0034,FW-NIST-MEASURE-2.7,2026-01-09,Critical,remediated,2026-01-12,2026-01-12,XL
VIO-00208,AGT-0009,FW-EUAI-ART-10,2026-05-16,Medium,remediated,2026-06-15,2026-06-19,S
VIO-00209,AGT-0011,FW-ATLAS-AML.T0051,2026-04-03,High,open,2026-04-10,,XL
VIO-00210,AGT-0058,FW-ATLAS-AML.T0024,2026-03-27,Low,open,2026-06-25,,L
VIO-00211,AGT-0018,FW-OWASP-LLM09,2025-12-24,Medium,in_progress,2026-01-23,,M
VIO-00212,AGT-0011,FW-OWASP-LLM10,2025-12-22,High,remediated,2025-12-29,2026-01-01,M
VIO-00213,AGT-0060,FW-OWASP-LLM03,2026-05-23,Medium,open,2026-06-22,,L
VIO-00214,AGT-0050,FW-ATLAS-AML.T0040,2026-01-04,Medium,in_progress,2026-02-03,,M
VIO-00215,AGT-0032,FW-ISO-8.4,2026-03-14,High,in_progress,2026-03-21,,L
VIO-00216,AGT-0044,FW-NIST-MANAGE-4.1,2026-05-12,Critical,remediated,2026-05-15,2026-05-15,L
VIO-00217,AGT-0031,FW-EUAI-ART-14,2025-12-26,High,open,2026-01-02,,XL
VIO-00218,AGT-0021,FW-NIST-MEASURE-2.7,2026-04-27,Info,remediated,2027-04-27,2027-01-16,S
VIO-00219,AGT-0021,FW-ATLAS-AML.T0054,2026-03-23,High,in_progress,2026-03-30,,M
VIO-00220,AGT-0004,FW-ATLAS-AML.T0024,2025-12-24,Low,in_progress,2026-03-24,,L
VIO-00221,AGT-0058,FW-ATLAS-AML.T0051,2026-01-03,Medium,remediated,2026-02-02,2026-01-16,L
VIO-00222,AGT-0032,FW-ISO-8.2,2026-03-13,High,in_progress,2026-03-20,,S
VIO-00223,AGT-0026,FW-ISO-8.2,2026-03-30,Medium,open,2026-04-29,,M
VIO-00224,AGT-0004,FW-ATLAS-AML.T0024,2025-12-14,High,remediated,2025-12-21,2025-12-19,L
VIO-00225,AGT-0055,FW-OWASP-LLM07,2026-03-24,High,remediated,2026-03-31,2026-03-31,M
VIO-00226,AGT-0026,FW-OWASP-LLM04,2026-04-11,Medium,in_progress,2026-05-11,,M
VIO-00227,AGT-0025,FW-ISO-8.2,2026-01-10,Medium,open,2026-02-09,,XL
VIO-00228,AGT-0044,FW-OWASP-LLM08,2026-05-06,Critical,in_progress,2026-05-09,,XL
VIO-00229,AGT-0022,FW-ISO-9.4,2026-04-24,Low,open,2026-07-23,,M
VIO-00230,AGT-0033,FW-OWASP-LLM03,2026-04-25,Critical,remediated,2026-04-28,2026-05-03,L
VIO-00231,AGT-0010,FW-ISO-8.2,2025-12-25,Critical,open,2025-12-28,,L
VIO-00232,AGT-0040,FW-ATLAS-AML.T0057,2026-01-21,High,remediated,2026-01-28,2026-01-30,L
VIO-00233,AGT-0037,FW-ATLAS-AML.T0057,2026-05-26,Medium,in_progress,2026-06-25,,M
VIO-00234,AGT-0027,FW-ATLAS-AML.T0057,2025-12-05,Low,remediated,2026-03-05,2026-02-20,S
VIO-00235,AGT-0042,FW-ATLAS-AML.T0053,2026-01-01,Low,in_progress,2026-04-01,,M
VIO-00236,AGT-0047,FW-NIST-MANAGE-1.3,2025-12-07,Critical,open,2025-12-10,,L
VIO-00237,AGT-0045,FW-OWASP-LLM08,2026-02-07,High,open,2026-02-14,,M
VIO-00238,AGT-0045,FW-ATLAS-AML.T0049,2025-12-25,Medium,false_positive,2026-01-24,,L
VIO-00239,AGT-0048,FW-OWASP-LLM04,2026-01-18,Medium,open,2026-02-17,,M
VIO-00240,AGT-0043,FW-EUAI-ART-15,2026-03-11,Medium,false_positive,2026-04-10,,M
VIO-00241,AGT-0035,FW-NIST-MAP-2.3,2025-12-08,High,remediated,2025-12-15,2025-12-20,L
VIO-00242,AGT-0052,FW-ATLAS-AML.T0040,2026-04-11,High,false_positive,2026-04-18,,M
VIO-00243,AGT-0020,FW-ATLAS-AML.T0053,2026-03-15,Low,remediated,2026-06-13,2026-06-14,S
VIO-00244,AGT-0046,FW-EUAI-ART-50,2026-03-02,High,remediated,2026-03-09,2026-03-14,M
VIO-00245,AGT-0008,FW-ISO-8.4,2026-02-18,High,remediated,2026-02-25,2026-02-21,M
VIO-00246,AGT-0019,FW-OWASP-LLM06,2026-02-06,High,remediated,2026-02-13,2026-02-18,L
VIO-00247,AGT-0013,FW-ISO-8.4,2026-01-07,High,remediated,2026-01-14,2026-01-10,M
VIO-00248,AGT-0048,FW-ATLAS-AML.T0054,2025-12-10,Critical,false_positive,2025-12-13,,M
VIO-00249,AGT-0015,FW-OWASP-LLM04,2026-03-07,Critical,remediated,2026-03-10,2026-03-09,L
VIO-00250,AGT-0009,FW-OWASP-LLM01,2026-04-20,Info,in_progress,2027-04-20,,M
VIO-00251,AGT-0057,FW-EUAI-ART-15,2026-04-09,Medium,remediated,2026-05-09,2026-04-28,M
VIO-00252,AGT-0042,FW-OWASP-LLM04,2026-05-08,Info,remediated,2027-05-08,2026-09-04,S
VIO-00253,AGT-0047,FW-OWASP-LLM03,2026-04-16,Low,in_progress,2026-07-15,,M
VIO-00254,AGT-0060,FW-OWASP-LLM03,2026-02-18,Info,remediated,2027-02-18,2026-05-25,M
VIO-00255,AGT-0056,FW-ATLAS-AML.T0024,2026-05-28,Low,open,2026-08-26,,M
VIO-00256,AGT-0060,FW-NIST-MAP-2.3,2025-12-17,Critical,in_progress,2025-12-20,,L
VIO-00257,AGT-0009,FW-ISO-8.2,2026-04-11,Medium,remediated,2026-05-11,2026-05-03,S
VIO-00258,AGT-0030,FW-ATLAS-AML.T0040,2026-05-27,Medium,remediated,2026-06-26,2026-06-15,M
VIO-00259,AGT-0049,FW-ATLAS-AML.T0043,2025-12-18,High,accepted_risk,2025-12-25,,L
VIO-00260,AGT-0033,FW-NIST-GOVERN-1.1,2025-12-10,Critical,open,2025-12-13,,XL
VIO-00261,AGT-0031,FW-NIST-GOVERN-1.1,2026-05-29,Info,open,2027-05-29,,S
VIO-00262,AGT-0049,FW-ATLAS-AML.T0044,2026-03-14,Info,remediated,2027-03-14,2027-01-02,S
VIO-00263,AGT-0042,FW-NIST-MEASURE-2.11,2026-05-15,Low,remediated,2026-08-13,2026-07-14,S
VIO-00264,AGT-0026,FW-ISO-8.2,2025-12-01,Low,remediated,2026-03-01,2026-02-28,S
VIO-00265,AGT-0059,FW-ATLAS-AML.T0024,2026-04-04,High,open,2026-04-11,,M
VIO-00266,AGT-0010,FW-EUAI-ART-14,2025-12-26,Medium,in_progress,2026-01-25,,L
VIO-00267,AGT-0059,FW-EUAI-ART-15,2025-12-11,Medium,remediated,2026-01-10,2025-12-27,M
VIO-00268,AGT-0039,FW-OWASP-LLM06,2026-01-15,Medium,remediated,2026-02-14,2026-01-20,L
VIO-00269,AGT-0008,FW-OWASP-LLM04,2026-01-21,Low,open,2026-04-21,,M
VIO-00270,AGT-0011,FW-NIST-GOVERN-1.1,2026-02-06,Low,open,2026-05-07,,S
VIO-00271,AGT-0038,FW-EUAI-ART-50,2026-01-20,Critical,in_progress,2026-01-23,,M
VIO-00272,AGT-0009,FW-ISO-8.2,2026-01-06,Medium,open,2026-02-05,,M
VIO-00273,AGT-0052,FW-ATLAS-AML.T0057,2026-02-18,High,open,2026-02-25,,S
VIO-00274,AGT-0014,FW-OWASP-LLM05,2026-03-03,Critical,remediated,2026-03-06,2026-03-04,XL
VIO-00275,AGT-0005,FW-EUAI-ART-15,2026-02-15,Critical,open,2026-02-18,,M
VIO-00276,AGT-0042,FW-EUAI-ART-9,2026-02-22,Medium,in_progress,2026-03-24,,L
VIO-00277,AGT-0025,FW-NIST-MANAGE-1.3,2025-12-12,Critical,accepted_risk,2025-12-15,,M
VIO-00278,AGT-0056,FW-NIST-MEASURE-2.7,2026-01-13,Critical,in_progress,2026-01-16,,M
VIO-00279,AGT-0015,FW-OWASP-LLM01,2026-03-15,Medium,in_progress,2026-04-14,,L
VIO-00280,AGT-0028,FW-ISO-8.4,2026-04-02,High,open,2026-04-09,,M
VIO-00281,AGT-0018,FW-ATLAS-AML.T0043,2026-05-02,Low,open,2026-07-31,,M
VIO-00282,AGT-0040,FW-OWASP-LLM02,2026-05-13,Critical,open,2026-05-16,,S
VIO-00283,AGT-0039,FW-OWASP-LLM04,2026-05-19,High,in_progress,2026-05-26,,M
VIO-00284,AGT-0014,FW-OWASP-LLM04,2026-03-17,Critical,open,2026-03-20,,XL
VIO-00285,AGT-0037,FW-NIST-GOVERN-1.1,2025-12-09,Medium,remediated,2026-01-08,2025-12-25,M
VIO-00286,AGT-0010,FW-ISO-8.3,2026-03-15,Critical,open,2026-03-18,,L
VIO-00287,AGT-0038,FW-ATLAS-AML.T0048,2026-02-10,Medium,remediated,2026-03-12,2026-02-14,XL
VIO-00288,AGT-0042,FW-NIST-MANAGE-1.3,2026-03-10,Low,remediated,2026-06-08,2026-05-02,S
VIO-00289,AGT-0025,FW-ATLAS-AML.T0048,2026-01-29,Low,open,2026-04-29,,S
VIO-00290,AGT-0055,FW-OWASP-LLM10,2026-05-16,Medium,remediated,2026-06-15,2026-06-12,M
VIO-00291,AGT-0009,FW-NIST-MANAGE-1.3,2026-04-08,High,open,2026-04-15,,S
VIO-00292,AGT-0029,FW-NIST-MEASURE-2.11,2026-04-12,Critical,open,2026-04-15,,L
VIO-00293,AGT-0039,FW-OWASP-LLM03,2026-04-12,Low,remediated,2026-07-11,2026-06-27,M
VIO-00294,AGT-0036,FW-ATLAS-AML.T0049,2026-03-06,High,open,2026-03-13,,XL
VIO-00295,AGT-0014,FW-ATLAS-AML.T0043,2026-04-30,Info,remediated,2027-04-30,2027-01-01,M
VIO-00296,AGT-0045,FW-ATLAS-AML.T0049,2026-03-30,High,remediated,2026-04-06,2026-04-04,M
VIO-00297,AGT-0035,FW-NIST-MEASURE-2.7,2026-02-27,High,in_progress,2026-03-06,,L
VIO-00298,AGT-0007,FW-EUAI-ART-15,2026-03-10,Medium,false_positive,2026-04-09,,M
VIO-00299,AGT-0027,FW-OWASP-LLM03,2026-04-04,Medium,remediated,2026-05-04,2026-04-06,M
VIO-00300,AGT-0060,FW-EUAI-ART-9,2026-04-10,Critical,open,2026-04-13,,L
VIO-00301,AGT-0054,FW-ATLAS-AML.T0054,2025-12-14,Medium,false_positive,2026-01-13,,M
VIO-00302,AGT-0049,FW-EUAI-ART-50,2025-12-17,Info,remediated,2026-12-17,2026-08-10,S
VIO-00303,AGT-0051,FW-NIST-MEASURE-2.7,2026-01-11,High,in_progress,2026-01-18,,XL
VIO-00304,AGT-0035,FW-OWASP-LLM04,2026-05-11,High,false_positive,2026-05-18,,L
VIO-00305,AGT-0049,FW-OWASP-LLM01,2025-12-20,High,open,2025-12-27,,L
VIO-00306,AGT-0001,FW-ATLAS-AML.T0049,2026-02-24,Medium,open,2026-03-26,,M
VIO-00307,AGT-0060,FW-EUAI-ART-15,2026-05-26,High,open,2026-06-02,,L
VIO-00308,AGT-0001,FW-OWASP-LLM02,2026-03-21,High,in_progress,2026-03-28,,M
VIO-00309,AGT-0033,FW-EUAI-ART-10,2026-04-15,Medium,open,2026-05-15,,S
VIO-00310,AGT-0010,FW-ATLAS-AML.T0054,2026-01-16,Critical,open,2026-01-19,,L
VIO-00311,AGT-0051,FW-NIST-MANAGE-4.1,2026-02-16,Critical,in_progress,2026-02-19,,M
VIO-00312,AGT-0045,FW-ATLAS-AML.T0053,2026-05-10,High,remediated,2026-05-17,2026-05-21,L
VIO-00313,AGT-0006,FW-NIST-MANAGE-4.1,2026-01-09,High,in_progress,2026-01-16,,L
VIO-00314,AGT-0045,FW-ATLAS-AML.T0051,2026-02-08,Critical,remediated,2026-02-11,2026-02-14,L
VIO-00315,AGT-0055,FW-OWASP-LLM07,2026-05-20,Low,open,2026-08-18,,L
VIO-00316,AGT-0045,FW-EUAI-ART-15,2026-05-11,High,remediated,2026-05-18,2026-05-16,XL
VIO-00317,AGT-0037,FW-OWASP-LLM03,2026-03-11,High,open,2026-03-18,,M
VIO-00318,AGT-0010,FW-NIST-MANAGE-4.1,2026-03-15,Low,open,2026-06-13,,S
VIO-00319,AGT-0054,FW-NIST-MANAGE-1.3,2026-01-12,Medium,open,2026-02-11,,L
VIO-00320,AGT-0009,FW-OWASP-LLM06,2026-03-03,Medium,open,2026-04-02,,M
VIO-00321,AGT-0054,FW-OWASP-LLM05,2025-12-24,High,false_positive,2025-12-31,,M
VIO-00322,AGT-0050,FW-NIST-GOVERN-1.1,2026-03-22,Critical,remediated,2026-03-25,2026-03-30,L
VIO-00323,AGT-0023,FW-ISO-9.4,2026-02-09,Low,open,2026-05-10,,M
VIO-00324,AGT-0025,FW-OWASP-LLM06,2026-03-16,Medium,remediated,2026-04-15,2026-03-21,S
VIO-00325,AGT-0010,FW-NIST-MANAGE-1.3,2025-12-19,Medium,open,2026-01-18,,M
VIO-00326,AGT-0024,FW-OWASP-LLM07,2026-03-13,Critical,in_progress,2026-03-16,,XL
VIO-00327,AGT-0007,FW-OWASP-LLM09,2026-02-09,Critical,in_progress,2026-02-12,,L
VIO-00328,AGT-0027,FW-OWASP-LLM07,2026-03-01,Critical,remediated,2026-03-04,2026-03-07,XL
VIO-00329,AGT-0001,FW-ATLAS-AML.T0024,2026-05-09,Medium,remediated,2026-06-08,2026-05-25,M
VIO-00330,AGT-0011,FW-NIST-MANAGE-1.3,2026-03-23,High,open,2026-03-30,,L
VIO-00331,AGT-0005,FW-ATLAS-AML.T0051,2026-02-12,High,open,2026-02-19,,L
VIO-00332,AGT-0024,FW-ATLAS-AML.T0040,2025-12-21,Low,in_progress,2026-03-21,,M
VIO-00333,AGT-0030,FW-OWASP-LLM07,2026-05-29,Critical,false_positive,2026-06-01,,L
VIO-00334,AGT-0040,FW-NIST-MANAGE-1.3,2026-03-07,Medium,in_progress,2026-04-06,,M
VIO-00335,AGT-0053,FW-OWASP-LLM09,2025-12-27,Critical,false_positive,2025-12-30,,M
VIO-00336,AGT-0021,FW-ATLAS-AML.T0048,2026-03-10,Low,open,2026-06-08,,M
VIO-00337,AGT-0032,FW-ATLAS-AML.T0054,2026-03-20,High,remediated,2026-03-27,2026-03-27,M
VIO-00338,AGT-0060,FW-ATLAS-AML.T0043,2026-01-11,High,open,2026-01-18,,L
VIO-00339,AGT-0002,FW-EUAI-ART-14,2026-04-07,Low,in_progress,2026-07-06,,S
VIO-00340,AGT-0045,FW-OWASP-LLM05,2026-02-15,Low,remediated,2026-05-16,2026-03-05,M
VIO-00341,AGT-0016,FW-ATLAS-AML.T0040,2026-02-11,Medium,remediated,2026-03-13,2026-02-16,M
VIO-00342,AGT-0039,FW-EUAI-ART-15,2026-01-14,Medium,in_progress,2026-02-13,,L
VIO-00343,AGT-0045,FW-EUAI-ART-9,2026-02-27,Medium,remediated,2026-03-29,2026-04-03,M
VIO-00344,AGT-0059,FW-OWASP-LLM06,2026-03-28,Critical,remediated,2026-03-31,2026-04-03,M
VIO-00345,AGT-0040,FW-OWASP-LLM03,2025-12-16,High,remediated,2025-12-23,2025-12-23,XL
VIO-00346,AGT-0022,FW-EUAI-ART-10,2026-05-05,Critical,open,2026-05-08,,L
VIO-00347,AGT-0034,FW-ISO-9.4,2026-01-03,Medium,open,2026-02-02,,M
VIO-00348,AGT-0030,FW-ISO-8.2,2026-05-24,Critical,in_progress,2026-05-27,,M
VIO-00349,AGT-0059,FW-OWASP-LLM06,2026-04-24,Critical,open,2026-04-27,,L
VIO-00350,AGT-0051,FW-ATLAS-AML.T0049,2026-03-02,Medium,in_progress,2026-04-01,,M
VIO-00351,AGT-0045,FW-EUAI-ART-13,2026-03-15,High,open,2026-03-22,,L
VIO-00352,AGT-0002,FW-NIST-MAP-2.3,2025-12-08,High,remediated,2025-12-15,2025-12-20,M
VIO-00353,AGT-0012,FW-ISO-9.4,2026-01-07,Critical,in_progress,2026-01-10,,L
VIO-00354,AGT-0052,FW-NIST-MANAGE-4.1,2026-04-13,High,remediated,2026-04-20,2026-04-20,M
VIO-00355,AGT-0048,FW-ATLAS-AML.T0043,2026-02-10,High,in_progress,2026-02-17,,L
VIO-00356,AGT-0014,FW-ATLAS-AML.T0044,2026-05-14,Low,remediated,2026-08-12,2026-07-22,S
VIO-00357,AGT-0021,FW-ATLAS-AML.T0043,2026-03-24,High,remediated,2026-03-31,2026-04-01,L
VIO-00358,AGT-0041,FW-NIST-GOVERN-1.1,2025-12-25,Medium,in_progress,2026-01-24,,S
VIO-00359,AGT-0023,FW-EUAI-ART-14,2025-12-09,Medium,remediated,2026-01-08,2025-12-29,L
VIO-00360,AGT-0038,FW-OWASP-LLM06,2026-03-11,Medium,open,2026-04-10,,M
VIO-00361,AGT-0012,FW-NIST-MEASURE-2.11,2026-01-20,High,in_progress,2026-01-27,,L
VIO-00362,AGT-0037,FW-NIST-MANAGE-1.3,2026-01-26,Medium,remediated,2026-02-25,2026-02-07,M
VIO-00363,AGT-0032,FW-ATLAS-AML.T0024,2026-03-11,Critical,remediated,2026-03-14,2026-03-12,XL
VIO-00364,AGT-0001,FW-EUAI-ART-50,2026-02-21,Critical,false_positive,2026-02-24,,L
VIO-00365,AGT-0032,FW-EUAI-ART-9,2026-02-13,Medium,remediated,2026-03-15,2026-03-14,M
VIO-00366,AGT-0006,FW-OWASP-LLM02,2026-04-04,Medium,open,2026-05-04,,M
VIO-00367,AGT-0035,FW-ATLAS-AML.T0024,2026-02-02,Critical,remediated,2026-02-05,2026-02-10,L
VIO-00368,AGT-0008,FW-OWASP-LLM08,2026-01-11,High,remediated,2026-01-18,2026-01-17,L
VIO-00369,AGT-0049,FW-OWASP-LLM03,2026-02-07,Low,in_progress,2026-05-08,,XL
VIO-00370,AGT-0007,FW-ATLAS-AML.T0054,2026-05-22,High,in_progress,2026-05-29,,M
VIO-00371,AGT-0053,FW-OWASP-LLM06,2026-04-30,Critical,remediated,2026-05-03,2026-05-04,M
VIO-00372,AGT-0048,FW-NIST-MEASURE-2.7,2025-12-25,Low,remediated,2026-03-25,2026-01-16,M
VIO-00373,AGT-0051,FW-ATLAS-AML.T0049,2026-05-15,Low,remediated,2026-08-13,2026-07-23,S
VIO-00374,AGT-0035,FW-ATLAS-AML.T0051,2025-12-01,Critical,open,2025-12-04,,L
VIO-00375,AGT-0055,FW-ISO-8.2,2025-12-08,Info,remediated,2026-12-08,2026-02-16,L
VIO-00376,AGT-0051,FW-EUAI-ART-9,2026-03-21,Low,accepted_risk,2026-06-19,,S
VIO-00377,AGT-0056,FW-OWASP-LLM09,2026-03-09,Critical,remediated,2026-03-12,2026-03-16,L
VIO-00378,AGT-0037,FW-ATLAS-AML.T0044,2026-02-23,Medium,in_progress,2026-03-25,,M
VIO-00379,AGT-0057,FW-OWASP-LLM06,2026-03-20,High,remediated,2026-03-27,2026-03-26,L
VIO-00380,AGT-0032,FW-NIST-GOVERN-1.1,2026-05-07,High,remediated,2026-05-14,2026-05-15,L
VIO-00381,AGT-0045,FW-NIST-MEASURE-2.7,2026-01-14,Low,in_progress,2026-04-14,,L
VIO-00382,AGT-0053,FW-ATLAS-AML.T0049,2026-03-09,High,remediated,2026-03-16,2026-03-15,L
VIO-00383,AGT-0009,FW-EUAI-ART-50,2025-12-07,Low,remediated,2026-03-07,2025-12-13,S
VIO-00384,AGT-0051,FW-EUAI-ART-14,2026-04-20,Critical,in_progress,2026-04-23,,S
VIO-00385,AGT-0028,FW-ATLAS-AML.T0043,2026-04-27,Info,accepted_risk,2027-04-27,,S
VIO-00386,AGT-0056,FW-ATLAS-AML.T0044,2026-02-27,Critical,open,2026-03-02,,L
VIO-00387,AGT-0058,FW-ATLAS-AML.T0051,2025-12-21,Critical,open,2025-12-24,,L
VIO-00388,AGT-0015,FW-EUAI-ART-10,2025-12-01,Medium,open,2025-12-31,,S
VIO-00389,AGT-0005,FW-OWASP-LLM09,2026-01-18,Medium,remediated,2026-02-17,2026-01-19,S
VIO-00390,AGT-0022,FW-OWASP-LLM08,2026-02-11,Info,remediated,2027-02-11,2026-10-14,S
VIO-00391,AGT-0025,FW-OWASP-LLM06,2026-05-04,Medium,open,2026-06-03,,M
VIO-00392,AGT-0020,FW-OWASP-LLM09,2026-04-26,High,remediated,2026-05-03,2026-05-07,M
VIO-00393,AGT-0034,FW-OWASP-LLM01,2026-04-18,Medium,in_progress,2026-05-18,,L
VIO-00394,AGT-0041,FW-OWASP-LLM10,2025-12-24,Info,remediated,2026-12-24,2026-04-15,S
VIO-00395,AGT-0007,FW-OWASP-LLM09,2025-12-31,Medium,remediated,2026-01-30,2026-01-23,XL
VIO-00396,AGT-0021,FW-OWASP-LLM09,2025-12-16,Critical,open,2025-12-19,,L
VIO-00397,AGT-0039,FW-ATLAS-AML.T0024,2025-12-05,Low,open,2026-03-05,,M
VIO-00398,AGT-0057,FW-ATLAS-AML.T0057,2025-12-26,High,in_progress,2026-01-02,,L
VIO-00399,AGT-0019,FW-OWASP-LLM04,2026-03-30,Low,in_progress,2026-06-28,,S
VIO-00400,AGT-0032,FW-OWASP-LLM05,2026-05-27,High,false_positive,2026-06-03,,XL
VIO-00401,AGT-0009,FW-NIST-MANAGE-1.3,2026-01-05,Low,in_progress,2026-04-05,,M
VIO-00402,AGT-0012,FW-EUAI-ART-15,2026-05-12,Medium,open,2026-06-11,,S
VIO-00403,AGT-0017,FW-ATLAS-AML.T0049,2026-05-15,Critical,false_positive,2026-05-18,,L
VIO-00404,AGT-0019,FW-ISO-8.2,2026-02-11,Low,remediated,2026-05-12,2026-02-22,M
VIO-00405,AGT-0035,FW-OWASP-LLM10,2026-03-12,High,open,2026-03-19,,XL
VIO-00406,AGT-0052,FW-OWASP-LLM10,2026-02-19,High,remediated,2026-02-26,2026-03-02,L
VIO-00407,AGT-0005,FW-ATLAS-AML.T0057,2026-03-30,Low,open,2026-06-28,,S
VIO-00408,AGT-0028,FW-OWASP-LLM08,2025-12-26,Medium,open,2026-01-25,,M
VIO-00409,AGT-0043,FW-ATLAS-AML.T0048,2026-04-25,High,remediated,2026-05-02,2026-04-28,L
VIO-00410,AGT-0023,FW-ISO-8.3,2026-03-25,Medium,open,2026-04-24,,S
VIO-00411,AGT-0050,FW-ATLAS-AML.T0044,2026-04-30,Medium,remediated,2026-05-30,2026-05-02,M
VIO-00412,AGT-0028,FW-ATLAS-AML.T0044,2026-03-24,Medium,remediated,2026-04-23,2026-03-29,M
VIO-00413,AGT-0033,FW-NIST-MEASURE-2.11,2026-01-05,Critical,open,2026-01-08,,M
VIO-00414,AGT-0050,FW-OWASP-LLM07,2025-12-09,Low,remediated,2026-03-09,2026-01-08,M
VIO-00415,AGT-0001,FW-OWASP-LLM03,2026-05-27,Low,open,2026-08-25,,S
VIO-00416,AGT-0025,FW-OWASP-LLM10,2026-05-21,High,remediated,2026-05-28,2026-06-02,L
VIO-00417,AGT-0027,FW-ATLAS-AML.T0053,2026-02-13,Medium,false_positive,2026-03-15,,M
VIO-00418,AGT-0053,FW-OWASP-LLM05,2026-04-30,High,in_progress,2026-05-07,,XL
VIO-00419,AGT-0012,FW-ATLAS-AML.T0053,2026-05-19,Medium,false_positive,2026-06-18,,S
VIO-00420,AGT-0030,FW-ATLAS-AML.T0024,2026-03-12,Medium,open,2026-04-11,,M
VIO-00421,AGT-0001,FW-NIST-MEASURE-2.11,2026-01-06,High,remediated,2026-01-13,2026-01-18,L
VIO-00422,AGT-0030,FW-NIST-MEASURE-2.11,2026-01-24,High,false_positive,2026-01-31,,L
VIO-00423,AGT-0047,FW-ISO-8.4,2026-03-29,Medium,open,2026-04-28,,L
VIO-00424,AGT-0002,FW-ATLAS-AML.T0053,2025-12-19,High,remediated,2025-12-26,2025-12-20,XL
VIO-00425,AGT-0001,FW-NIST-MANAGE-1.3,2026-03-13,Low,open,2026-06-11,,M
VIO-00426,AGT-0016,FW-EUAI-ART-9,2026-05-15,Medium,false_positive,2026-06-14,,S
VIO-00427,AGT-0018,FW-OWASP-LLM06,2026-04-01,Critical,accepted_risk,2026-04-04,,L
VIO-00428,AGT-0045,FW-NIST-MEASURE-2.11,2026-05-09,Medium,remediated,2026-06-08,2026-06-11,S
VIO-00429,AGT-0053,FW-NIST-MANAGE-4.1,2026-01-05,Critical,open,2026-01-08,,L
VIO-00430,AGT-0009,FW-ATLAS-AML.T0054,2026-03-11,High,false_positive,2026-03-18,,M
VIO-00431,AGT-0054,FW-NIST-GOVERN-1.1,2026-03-22,High,open,2026-03-29,,XL
VIO-00432,AGT-0009,FW-OWASP-LLM07,2026-04-18,High,in_progress,2026-04-25,,M
VIO-00433,AGT-0008,FW-ISO-8.4,2026-04-07,High,in_progress,2026-04-14,,L
VIO-00434,AGT-0055,FW-OWASP-LLM08,2025-12-06,Critical,open,2025-12-09,,L
VIO-00435,AGT-0039,FW-OWASP-LLM03,2026-03-08,High,open,2026-03-15,,L
VIO-00436,AGT-0023,FW-NIST-MANAGE-4.1,2025-12-08,Medium,open,2026-01-07,,L
VIO-00437,AGT-0012,FW-OWASP-LLM02,2026-02-04,Medium,remediated,2026-03-06,2026-02-20,S
VIO-00438,AGT-0007,FW-OWASP-LLM09,2026-05-15,Critical,remediated,2026-05-18,2026-05-19,M
VIO-00439,AGT-0053,FW-NIST-MANAGE-4.1,2025-12-20,Critical,false_positive,2025-12-23,,M
VIO-00440,AGT-0038,FW-ATLAS-AML.T0040,2026-05-11,Low,open,2026-08-09,,S
VIO-00441,AGT-0058,FW-EUAI-ART-13,2026-05-07,Low,false_positive,2026-08-05,,M
VIO-00442,AGT-0022,FW-OWASP-LLM08,2026-02-01,Critical,open,2026-02-04,,XL
VIO-00443,AGT-0028,FW-NIST-MANAGE-4.1,2026-02-22,Medium,remediated,2026-03-24,2026-03-06,M
VIO-00444,AGT-0059,FW-ATLAS-AML.T0048,2026-02-05,High,accepted_risk,2026-02-12,,S
VIO-00445,AGT-0040,FW-ATLAS-AML.T0054,2026-01-23,Medium,in_progress,2026-02-22,,M
VIO-00446,AGT-0004,FW-OWASP-LLM06,2026-04-25,Critical,in_progress,2026-04-28,,L
VIO-00447,AGT-0052,FW-ISO-8.3,2026-01-11,Critical,remediated,2026-01-14,2026-01-18,XL
VIO-00448,AGT-0023,FW-EUAI-ART-15,2026-01-26,High,open,2026-02-02,,L
VIO-00449,AGT-0021,FW-NIST-MANAGE-1.3,2026-05-24,Critical,open,2026-05-27,,M
VIO-00450,AGT-0058,FW-ATLAS-AML.T0044,2026-01-30,Critical,in_progress,2026-02-02,,XL
VIO-00451,AGT-0015,FW-ATLAS-AML.T0051,2025-12-13,Critical,open,2025-12-16,,L
VIO-00452,AGT-0051,FW-OWASP-LLM04,2026-04-04,Low,remediated,2026-07-03,2026-05-24,S
VIO-00453,AGT-0054,FW-ATLAS-AML.T0048,2025-12-30,High,open,2026-01-06,,L
VIO-00454,AGT-0023,FW-OWASP-LLM02,2026-03-01,Medium,false_positive,2026-03-31,,M
VIO-00455,AGT-0037,FW-ATLAS-AML.T0043,2026-01-24,Low,in_progress,2026-04-24,,S
VIO-00456,AGT-0003,FW-OWASP-LLM06,2025-12-27,Critical,open,2025-12-30,,L
VIO-00457,AGT-0001,FW-NIST-MAP-2.3,2026-04-09,Low,remediated,2026-07-08,2026-05-23,M
VIO-00458,AGT-0059,FW-NIST-GOVERN-1.1,2026-04-23,Critical,remediated,2026-04-26,2026-04-26,XL
VIO-00459,AGT-0055,FW-ISO-8.3,2026-05-12,Low,in_progress,2026-08-10,,L
VIO-00460,AGT-0026,FW-OWASP-LLM07,2026-03-09,High,open,2026-03-16,,M
VIO-00461,AGT-0028,FW-EUAI-ART-50,2026-04-16,Medium,remediated,2026-05-16,2026-05-09,S
VIO-00462,AGT-0038,FW-ATLAS-AML.T0048,2025-12-05,High,open,2025-12-12,,M
VIO-00463,AGT-0001,FW-NIST-MANAGE-4.1,2026-01-05,Low,open,2026-04-05,,M
VIO-00464,AGT-0059,FW-ATLAS-AML.T0053,2026-05-04,Medium,false_positive,2026-06-03,,S
VIO-00465,AGT-0048,FW-OWASP-LLM05,2026-03-10,Critical,open,2026-03-13,,XL
VIO-00466,AGT-0006,FW-NIST-MAP-2.3,2026-03-24,Medium,open,2026-04-23,,M
VIO-00467,AGT-0023,FW-ATLAS-AML.T0040,2026-05-30,Low,open,2026-08-28,,S
VIO-00468,AGT-0027,FW-ATLAS-AML.T0051,2026-01-24,Low,accepted_risk,2026-04-24,,S
VIO-00469,AGT-0025,FW-OWASP-LLM07,2026-01-03,Low,remediated,2026-04-03,2026-04-01,S
VIO-00470,AGT-0029,FW-OWASP-LLM05,2026-05-22,Medium,open,2026-06-21,,M
VIO-00471,AGT-0007,FW-OWASP-LLM05,2026-02-23,High,open,2026-03-02,,S
VIO-00472,AGT-0058,FW-OWASP-LLM06,2025-12-24,High,accepted_risk,2025-12-31,,L
VIO-00473,AGT-0028,FW-ATLAS-AML.T0051,2026-02-08,Medium,open,2026-03-10,,S
VIO-00474,AGT-0014,FW-ATLAS-AML.T0043,2026-01-09,Medium,remediated,2026-02-08,2026-02-13,M
VIO-00475,AGT-0019,FW-ATLAS-AML.T0057,2026-05-18,High,in_progress,2026-05-25,,L
VIO-00476,AGT-0032,FW-OWASP-LLM10,2026-05-30,Critical,in_progress,2026-06-02,,M
VIO-00477,AGT-0043,FW-EUAI-ART-15,2026-05-24,High,open,2026-05-31,,L
VIO-00478,AGT-0006,FW-EUAI-ART-15,2026-03-13,Medium,remediated,2026-04-12,2026-04-13,M
VIO-00479,AGT-0043,FW-ATLAS-AML.T0040,2026-01-11,Critical,in_progress,2026-01-14,,L
VIO-00480,AGT-0025,FW-NIST-MEASURE-2.11,2026-05-19,High,open,2026-05-26,,L
VIO-00481,AGT-0015,FW-ATLAS-AML.T0044,2026-04-22,Medium,remediated,2026-05-22,2026-04-29,S
VIO-00482,AGT-0023,FW-ISO-8.4,2025-12-31,Medium,open,2026-01-30,,S
VIO-00483,AGT-0025,FW-ISO-8.3,2026-01-13,Medium,remediated,2026-02-12,2026-02-13,M
VIO-00484,AGT-0016,FW-EUAI-ART-15,2026-02-18,High,false_positive,2026-02-25,,L
VIO-00485,AGT-0033,FW-ISO-8.3,2025-12-08,Medium,false_positive,2026-01-07,,S
VIO-00486,AGT-0049,FW-EUAI-ART-13,2026-04-18,High,false_positive,2026-04-25,,L
VIO-00487,AGT-0009,FW-OWASP-LLM03,2025-12-07,Medium,in_progress,2026-01-06,,XL
VIO-00488,AGT-0041,FW-OWASP-LLM10,2026-03-25,Low,open,2026-06-23,,M
VIO-00489,AGT-0052,FW-OWASP-LLM05,2026-01-08,Critical,in_progress,2026-01-11,,L
VIO-00490,AGT-0018,FW-ISO-8.3,2026-05-27,High,remediated,2026-06-03,2026-06-06,L
VIO-00491,AGT-0051,FW-EUAI-ART-9,2026-04-22,Critical,open,2026-04-25,,L
VIO-00492,AGT-0049,FW-OWASP-LLM07,2026-01-06,Low,remediated,2026-04-06,2026-02-12,L
VIO-00493,AGT-0057,FW-NIST-MEASURE-2.7,2026-03-24,Low,in_progress,2026-06-22,,S
VIO-00494,AGT-0039,FW-EUAI-ART-15,2026-03-21,Critical,in_progress,2026-03-24,,L
VIO-00495,AGT-0044,FW-NIST-MANAGE-4.1,2026-03-07,Critical,remediated,2026-03-10,2026-03-08,L
VIO-00496,AGT-0059,FW-ATLAS-AML.T0044,2026-05-25,Low,open,2026-08-23,,M
VIO-00497,AGT-0020,FW-ATLAS-AML.T0044,2025-12-03,Low,remediated,2026-03-03,2026-01-02,S
VIO-00498,AGT-0048,FW-EUAI-ART-13,2026-03-09,Medium,open,2026-04-08,,M
VIO-00499,AGT-0042,FW-OWASP-LLM06,2026-04-06,Critical,false_positive,2026-04-09,,L
VIO-00500,AGT-0032,FW-ISO-8.3,2026-05-16,Low,in_progress,2026-08-14,,S
VIO-00501,AGT-0020,FW-ISO-8.2,2026-01-16,Medium,accepted_risk,2026-02-15,,S
VIO-00502,AGT-0013,FW-ATLAS-AML.T0043,2026-03-28,Low,open,2026-06-26,,S
VIO-00503,AGT-0024,FW-ATLAS-AML.T0043,2026-02-01,High,in_progress,2026-02-08,,L
VIO-00504,AGT-0008,FW-OWASP-LLM02,2026-01-25,High,remediated,2026-02-01,2026-01-28,XL
VIO-00505,AGT-0031,FW-ISO-9.4,2026-04-19,Medium,remediated,2026-05-19,2026-05-06,L
VIO-00506,AGT-0045,FW-OWASP-LLM06,2026-02-21,High,open,2026-02-28,,XL
VIO-00507,AGT-0050,FW-ATLAS-AML.T0049,2025-12-16,Low,open,2026-03-16,,S
VIO-00508,AGT-0042,FW-EUAI-ART-9,2025-12-07,Medium,open,2026-01-06,,L
VIO-00509,AGT-0042,FW-ATLAS-AML.T0048,2026-05-28,Medium,open,2026-06-27,,M
VIO-00510,AGT-0020,FW-ATLAS-AML.T0044,2026-02-23,Medium,accepted_risk,2026-03-25,,M
VIO-00511,AGT-0014,FW-EUAI-ART-14,2026-01-17,High,remediated,2026-01-24,2026-01-24,L
VIO-00512,AGT-0001,FW-ISO-8.2,2026-02-24,Info,remediated,2027-02-24,2026-12-26,S
VIO-00513,AGT-0020,FW-OWASP-LLM07,2026-03-05,Medium,false_positive,2026-04-04,,M
VIO-00514,AGT-0056,FW-ATLAS-AML.T0044,2025-12-15,High,open,2025-12-22,,M
VIO-00515,AGT-0049,FW-ATLAS-AML.T0054,2025-12-28,Low,in_progress,2026-03-28,,S
VIO-00516,AGT-0009,FW-OWASP-LLM02,2026-03-16,Medium,open,2026-04-15,,M
VIO-00517,AGT-0025,FW-OWASP-LLM03,2026-01-04,Medium,remediated,2026-02-03,2026-01-26,L
VIO-00518,AGT-0015,FW-ISO-8.4,2026-01-29,Medium,false_positive,2026-02-28,,M
VIO-00519,AGT-0033,FW-ATLAS-AML.T0057,2025-12-13,Medium,accepted_risk,2026-01-12,,S
VIO-00520,AGT-0007,FW-EUAI-ART-15,2026-03-25,Critical,remediated,2026-03-28,2026-03-28,XL
VIO-00521,AGT-0058,FW-NIST-MAP-2.3,2026-04-04,Medium,in_progress,2026-05-04,,L
VIO-00522,AGT-0020,FW-EUAI-ART-9,2026-03-07,Low,in_progress,2026-06-05,,M
VIO-00523,AGT-0030,FW-OWASP-LLM08,2025-12-19,High,remediated,2025-12-26,2025-12-29,S
VIO-00524,AGT-0057,FW-ATLAS-AML.T0043,2025-12-07,Medium,in_progress,2026-01-06,,M
VIO-00525,AGT-0004,FW-OWASP-LLM10,2026-04-09,Critical,open,2026-04-12,,XL
VIO-00526,AGT-0058,FW-EUAI-ART-14,2026-04-14,Critical,remediated,2026-04-17,2026-04-22,L
VIO-00527,AGT-0012,FW-NIST-GOVERN-1.1,2026-05-29,High,in_progress,2026-06-05,,M
VIO-00528,AGT-0050,FW-ATLAS-AML.T0051,2026-04-20,Medium,in_progress,2026-05-20,,L
VIO-00529,AGT-0006,FW-OWASP-LLM09,2025-12-19,Medium,in_progress,2026-01-18,,M
VIO-00530,AGT-0031,FW-NIST-MANAGE-1.3,2026-01-14,Critical,open,2026-01-17,,L
VIO-00531,AGT-0001,FW-NIST-GOVERN-1.1,2026-01-15,Low,open,2026-04-15,,M
VIO-00532,AGT-0041,FW-ATLAS-AML.T0054,2026-03-03,High,open,2026-03-10,,M
VIO-00533,AGT-0033,FW-ATLAS-AML.T0057,2026-05-19,Critical,open,2026-05-22,,M
VIO-00534,AGT-0047,FW-ISO-8.3,2026-03-05,High,in_progress,2026-03-12,,L
VIO-00535,AGT-0009,FW-NIST-MAP-2.3,2026-01-25,Info,in_progress,2027-01-25,,S
VIO-00536,AGT-0059,FW-NIST-MANAGE-4.1,2026-04-03,Critical,remediated,2026-04-06,2026-04-06,M
VIO-00537,AGT-0002,FW-ISO-8.2,2026-02-26,Critical,remediated,2026-03-01,2026-02-27,L
VIO-00538,AGT-0041,FW-ATLAS-AML.T0040,2025-12-22,Low,open,2026-03-22,,XL
VIO-00539,AGT-0043,FW-OWASP-LLM07,2026-05-25,Low,open,2026-08-23,,S
VIO-00540,AGT-0029,FW-NIST-MANAGE-1.3,2026-03-27,Critical,in_progress,2026-03-30,,M
VIO-00541,AGT-0045,FW-OWASP-LLM01,2025-12-12,High,open,2025-12-19,,L
VIO-00542,AGT-0040,FW-OWASP-LLM09,2026-05-04,High,in_progress,2026-05-11,,L
VIO-00543,AGT-0019,FW-OWASP-LLM08,2026-01-23,Low,open,2026-04-23,,S
VIO-00544,AGT-0017,FW-ISO-8.3,2026-02-28,Info,remediated,2027-02-28,2026-07-30,S
VIO-00545,AGT-0036,FW-EUAI-ART-50,2025-12-05,Low,false_positive,2026-03-05,,S
VIO-00546,AGT-0001,FW-OWASP-LLM01,2026-05-02,Medium,remediated,2026-06-01,2026-06-03,S
VIO-00547,AGT-0006,FW-ISO-8.2,2026-05-05,Critical,false_positive,2026-05-08,,L
VIO-00548,AGT-0030,FW-ATLAS-AML.T0024,2026-05-18,High,open,2026-05-25,,M
VIO-00549,AGT-0003,FW-ATLAS-AML.T0024,2025-12-08,Medium,open,2026-01-07,,L
VIO-00550,AGT-0007,FW-OWASP-LLM03,2026-04-25,Critical,remediated,2026-04-28,2026-04-28,L
VIO-00551,AGT-0058,FW-EUAI-ART-13,2026-03-23,Info,accepted_risk,2027-03-23,,S
VIO-00552,AGT-0053,FW-NIST-MAP-2.3,2026-02-17,Critical,in_progress,2026-02-20,,L
VIO-00553,AGT-0054,FW-NIST-MANAGE-1.3,2026-01-28,Medium,remediated,2026-02-27,2026-02-08,S
VIO-00554,AGT-0045,FW-OWASP-LLM04,2026-04-20,Info,open,2027-04-20,,M
VIO-00555,AGT-0031,FW-EUAI-ART-13,2026-02-22,High,remediated,2026-03-01,2026-03-04,S
VIO-00556,AGT-0044,FW-OWASP-LLM09,2026-01-26,High,open,2026-02-02,,M
VIO-00557,AGT-0003,FW-OWASP-LLM05,2026-03-11,High,open,2026-03-18,,XL
VIO-00558,AGT-0034,FW-ATLAS-AML.T0053,2025-12-10,Info,accepted_risk,2026-12-10,,S
VIO-00559,AGT-0045,FW-OWASP-LLM07,2026-03-28,Medium,in_progress,2026-04-27,,M
VIO-00560,AGT-0042,FW-NIST-MANAGE-1.3,2026-01-08,High,accepted_risk,2026-01-15,,L
VIO-00561,AGT-0001,FW-ATLAS-AML.T0051,2026-01-30,High,accepted_risk,2026-02-06,,XL
VIO-00562,AGT-0005,FW-EUAI-ART-50,2026-03-07,Medium,false_positive,2026-04-06,,S
VIO-00563,AGT-0015,FW-ISO-9.4,2026-02-16,Medium,remediated,2026-03-18,2026-02-22,M
VIO-00564,AGT-0052,FW-EUAI-ART-13,2026-01-23,Critical,in_progress,2026-01-26,,M
VIO-00565,AGT-0032,FW-OWASP-LLM02,2026-02-14,Critical,open,2026-02-17,,L
VIO-00566,AGT-0053,FW-OWASP-LLM06,2025-12-23,High,remediated,2025-12-30,2026-01-01,L
VIO-00567,AGT-0042,FW-EUAI-ART-14,2026-02-26,Info,remediated,2027-02-26,2026-06-21,M
VIO-00568,AGT-0022,FW-ISO-9.4,2025-12-28,Medium,in_progress,2026-01-27,,M
VIO-00569,AGT-0046,FW-EUAI-ART-13,2025-12-13,Critical,open,2025-12-16,,L
VIO-00570,AGT-0054,FW-ATLAS-AML.T0024,2026-02-24,Medium,remediated,2026-03-26,2026-02-27,L
VIO-00571,AGT-0032,FW-OWASP-LLM09,2026-02-15,Medium,open,2026-03-17,,M
VIO-00572,AGT-0013,FW-OWASP-LLM08,2026-02-19,Low,open,2026-05-20,,M
VIO-00573,AGT-0013,FW-NIST-MAP-2.3,2026-02-13,Critical,open,2026-02-16,,L
VIO-00574,AGT-0044,FW-OWASP-LLM08,2026-02-04,Medium,in_progress,2026-03-06,,M
VIO-00575,AGT-0033,FW-OWASP-LLM09,2026-05-29,Info,in_progress,2027-05-29,,S
VIO-00576,AGT-0060,FW-EUAI-ART-10,2026-01-27,Medium,false_positive,2026-02-26,,L
VIO-00577,AGT-0059,FW-ATLAS-AML.T0048,2026-04-16,Medium,remediated,2026-05-16,2026-04-25,S
VIO-00578,AGT-0043,FW-NIST-GOVERN-1.1,2026-02-21,Medium,in_progress,2026-03-23,,M
VIO-00579,AGT-0045,FW-ATLAS-AML.T0054,2026-03-04,High,false_positive,2026-03-11,,L
VIO-00580,AGT-0009,FW-OWASP-LLM09,2025-12-02,Medium,accepted_risk,2026-01-01,,M
VIO-00581,AGT-0054,FW-ISO-9.4,2026-01-09,Low,remediated,2026-04-09,2026-02-04,S
VIO-00582,AGT-0046,FW-ATLAS-AML.T0024,2025-12-09,Medium,open,2026-01-08,,L
VIO-00583,AGT-0012,FW-ISO-8.2,2025-12-18,High,open,2025-12-25,,M
VIO-00584,AGT-0023,FW-ISO-9.4,2026-01-04,Medium,false_positive,2026-02-03,,L
VIO-00585,AGT-0044,FW-ISO-8.4,2026-02-11,Critical,remediated,2026-02-14,2026-02-13,S
VIO-00586,AGT-0010,FW-OWASP-LLM04,2026-04-09,Medium,open,2026-05-09,,L
VIO-00587,AGT-0019,FW-ATLAS-AML.T0040,2026-05-15,High,remediated,2026-05-22,2026-05-20,M
VIO-00588,AGT-0035,FW-OWASP-LLM03,2026-02-04,High,open,2026-02-11,,XL
VIO-00589,AGT-0048,FW-ISO-9.4,2025-12-16,Low,remediated,2026-03-16,2026-01-16,M
VIO-00590,AGT-0051,FW-ATLAS-AML.T0024,2026-05-18,Medium,false_positive,2026-06-17,,M
VIO-00591,AGT-0051,FW-NIST-GOVERN-1.1,2026-05-17,Info,open,2027-05-17,,S
VIO-00592,AGT-0040,FW-EUAI-ART-13,2025-12-19,Medium,remediated,2026-01-18,2026-01-12,L
VIO-00593,AGT-0035,FW-ATLAS-AML.T0043,2026-04-11,Medium,open,2026-05-11,,S
VIO-00594,AGT-0044,FW-OWASP-LLM05,2026-04-16,Critical,remediated,2026-04-19,2026-04-18,L
VIO-00595,AGT-0028,FW-ATLAS-AML.T0044,2026-04-27,Medium,open,2026-05-27,,L
VIO-00596,AGT-0001,FW-NIST-MAP-2.3,2026-04-21,Medium,open,2026-05-21,,L
VIO-00597,AGT-0039,FW-OWASP-LLM04,2025-12-21,Low,remediated,2026-03-21,2026-03-16,S
VIO-00598,AGT-0051,FW-ISO-9.4,2026-03-10,High,in_progress,2026-03-17,,XL
VIO-00599,AGT-0034,FW-OWASP-LLM05,2026-04-20,Low,in_progress,2026-07-19,,M
VIO-00600,AGT-0006,FW-NIST-MEASURE-2.7,2026-04-06,High,remediated,2026-04-13,2026-04-12,M
VIO-00601,AGT-0014,FW-ISO-8.3,2026-01-07,Medium,remediated,2026-02-06,2026-01-08,S
VIO-00602,AGT-0023,FW-EUAI-ART-13,2025-12-17,High,remediated,2025-12-24,2025-12-27,M
VIO-00603,AGT-0003,FW-NIST-GOVERN-1.1,2026-05-01,Medium,in_progress,2026-05-31,,M
VIO-00604,AGT-0019,FW-OWASP-LLM02,2026-02-24,Low,in_progress,2026-05-25,,M
VIO-00605,AGT-0032,FW-OWASP-LLM03,2025-12-15,High,open,2025-12-22,,L
VIO-00606,AGT-0007,FW-ATLAS-AML.T0051,2026-01-13,Low,in_progress,2026-04-13,,M
VIO-00607,AGT-0014,FW-ATLAS-AML.T0049,2026-02-11,Low,remediated,2026-05-12,2026-03-10,M
VIO-00608,AGT-0045,FW-EUAI-ART-10,2026-05-12,Medium,remediated,2026-06-11,2026-05-22,S
VIO-00609,AGT-0046,FW-NIST-MAP-2.3,2026-05-12,Critical,open,2026-05-15,,XL
VIO-00610,AGT-0036,FW-OWASP-LLM05,2026-04-02,High,false_positive,2026-04-09,,M
VIO-00611,AGT-0029,FW-NIST-MANAGE-4.1,2026-05-26,High,in_progress,2026-06-02,,M
VIO-00612,AGT-0001,FW-OWASP-LLM05,2026-01-01,Low,open,2026-04-01,,M
VIO-00613,AGT-0023,FW-ISO-8.2,2025-12-06,Critical,open,2025-12-09,,M
VIO-00614,AGT-0049,FW-EUAI-ART-13,2025-12-12,High,open,2025-12-19,,M
VIO-00615,AGT-0015,FW-OWASP-LLM09,2026-01-11,Medium,open,2026-02-10,,M
VIO-00616,AGT-0020,FW-NIST-MEASURE-2.11,2026-05-28,Info,remediated,2027-05-28,2027-03-09,S
VIO-00617,AGT-0003,FW-OWASP-LLM01,2026-02-19,Medium,in_progress,2026-03-21,,L
VIO-00618,AGT-0020,FW-ATLAS-AML.T0049,2026-03-03,Medium,open,2026-04-02,,L
VIO-00619,AGT-0055,FW-ISO-8.2,2026-04-13,Critical,open,2026-04-16,,XL
VIO-00620,AGT-0013,FW-OWASP-LLM08,2026-01-05,High,accepted_risk,2026-01-12,,XL
VIO-00621,AGT-0060,FW-ISO-9.4,2026-01-10,High,open,2026-01-17,,L
VIO-00622,AGT-0017,FW-OWASP-LLM07,2026-01-02,Critical,in_progress,2026-01-05,,L
VIO-00623,AGT-0009,FW-ATLAS-AML.T0054,2025-12-23,High,open,2025-12-30,,M
VIO-00624,AGT-0032,FW-EUAI-ART-13,2025-12-13,High,open,2025-12-20,,L
VIO-00625,AGT-0037,FW-NIST-MEASURE-2.11,2026-02-10,Low,open,2026-05-11,,S
VIO-00626,AGT-0051,FW-ATLAS-AML.T0053,2025-12-17,Medium,in_progress,2026-01-16,,L
VIO-00627,AGT-0009,FW-NIST-MAP-2.3,2026-02-01,Low,in_progress,2026-05-02,,M
VIO-00628,AGT-0032,FW-ISO-9.4,2025-12-16,Critical,remediated,2025-12-19,2025-12-21,XL
VIO-00629,AGT-0009,FW-ISO-8.4,2025-12-21,High,open,2025-12-28,,S
VIO-00630,AGT-0002,FW-ISO-8.2,2026-01-02,High,remediated,2026-01-09,2026-01-12,M
VIO-00631,AGT-0003,FW-ISO-9.4,2026-01-12,High,in_progress,2026-01-19,,L
VIO-00632,AGT-0024,FW-NIST-MANAGE-4.1,2025-12-31,Critical,remediated,2026-01-03,2026-01-05,M
VIO-00633,AGT-0033,FW-ISO-8.2,2026-02-26,Critical,in_progress,2026-03-01,,L
VIO-00634,AGT-0055,FW-ATLAS-AML.T0051,2026-04-25,Medium,in_progress,2026-05-25,,S
VIO-00635,AGT-0037,FW-OWASP-LLM10,2026-01-27,Medium,false_positive,2026-02-26,,S
VIO-00636,AGT-0049,FW-EUAI-ART-50,2026-03-24,High,in_progress,2026-03-31,,S
VIO-00637,AGT-0014,FW-ISO-8.3,2026-02-27,Low,in_progress,2026-05-28,,L
VIO-00638,AGT-0057,FW-OWASP-LLM03,2025-12-15,Critical,open,2025-12-18,,L
VIO-00639,AGT-0034,FW-ATLAS-AML.T0044,2026-03-24,Low,remediated,2026-06-22,2026-06-05,S
VIO-00640,AGT-0042,FW-NIST-MANAGE-1.3,2025-12-14,Medium,accepted_risk,2026-01-13,,S
VIO-00641,AGT-0017,FW-NIST-MANAGE-1.3,2026-04-03,Info,in_progress,2027-04-03,,S
VIO-00642,AGT-0056,FW-NIST-MEASURE-2.7,2026-01-27,High,accepted_risk,2026-02-03,,S
VIO-00643,AGT-0057,FW-OWASP-LLM09,2026-04-02,Medium,open,2026-05-02,,M
VIO-00644,AGT-0014,FW-OWASP-LLM10,2026-02-27,High,remediated,2026-03-06,2026-03-01,L
VIO-00645,AGT-0027,FW-NIST-MAP-2.3,2026-01-27,Low,remediated,2026-04-27,2026-03-30,S
VIO-00646,AGT-0011,FW-EUAI-ART-9,2026-05-19,Critical,open,2026-05-22,,L
VIO-00647,AGT-0009,FW-ISO-8.2,2026-01-04,Critical,open,2026-01-07,,M
VIO-00648,AGT-0060,FW-ATLAS-AML.T0048,2026-02-16,High,remediated,2026-02-23,2026-02-26,L
VIO-00649,AGT-0057,FW-ATLAS-AML.T0024,2026-04-05,Info,in_progress,2027-04-05,,XL
VIO-00650,AGT-0056,FW-EUAI-ART-15,2026-02-14,Critical,remediated,2026-02-17,2026-02-17,L
VIO-00651,AGT-0033,FW-ATLAS-AML.T0040,2025-12-06,Critical,open,2025-12-09,,L
VIO-00652,AGT-0038,FW-OWASP-LLM05,2026-02-21,High,open,2026-02-28,,S
VIO-00653,AGT-0034,FW-ISO-8.2,2026-04-22,Medium,remediated,2026-05-22,2026-05-04,M
VIO-00654,AGT-0040,FW-OWASP-LLM03,2026-01-14,Low,in_progress,2026-04-14,,S
VIO-00655,AGT-0031,FW-OWASP-LLM09,2026-01-12,Info,remediated,2027-01-12,2026-12-26,S
VIO-00656,AGT-0034,FW-EUAI-ART-9,2026-05-19,High,remediated,2026-05-26,2026-05-26,M
VIO-00657,AGT-0052,FW-EUAI-ART-15,2026-02-22,High,in_progress,2026-03-01,,L
VIO-00658,AGT-0059,FW-OWASP-LLM07,2026-03-26,High,in_progress,2026-04-02,,M
VIO-00659,AGT-0055,FW-OWASP-LLM06,2026-01-11,Critical,in_progress,2026-01-14,,M
VIO-00660,AGT-0046,FW-OWASP-LLM01,2026-04-30,High,in_progress,2026-05-07,,M
VIO-00661,AGT-0014,FW-NIST-GOVERN-1.1,2026-05-03,Medium,open,2026-06-02,,M
VIO-00662,AGT-0017,FW-ATLAS-AML.T0040,2026-02-11,Medium,remediated,2026-03-13,2026-03-01,XL
VIO-00663,AGT-0026,FW-ATLAS-AML.T0049,2026-01-08,Medium,in_progress,2026-02-07,,M
VIO-00664,AGT-0036,FW-EUAI-ART-15,2026-03-13,Critical,remediated,2026-03-16,2026-03-20,L
VIO-00665,AGT-0055,FW-OWASP-LLM08,2026-02-05,Medium,remediated,2026-03-07,2026-02-16,S
VIO-00666,AGT-0033,FW-NIST-MANAGE-4.1,2026-01-10,Medium,remediated,2026-02-09,2026-01-14,S
VIO-00667,AGT-0041,FW-OWASP-LLM01,2026-04-23,Low,in_progress,2026-07-22,,M
VIO-00668,AGT-0006,FW-OWASP-LLM05,2026-02-25,High,open,2026-03-04,,S
VIO-00669,AGT-0025,FW-NIST-MANAGE-4.1,2026-01-17,Medium,open,2026-02-16,,XL
VIO-00670,AGT-0004,FW-ATLAS-AML.T0048,2026-02-07,Medium,open,2026-03-09,,L
VIO-00671,AGT-0060,FW-ISO-8.3,2026-05-22,Critical,remediated,2026-05-25,2026-05-26,L
VIO-00672,AGT-0044,FW-OWASP-LLM03,2025-12-14,Critical,open,2025-12-17,,M
VIO-00673,AGT-0018,FW-NIST-MANAGE-4.1,2026-02-18,High,in_progress,2026-02-25,,M
VIO-00674,AGT-0001,FW-OWASP-LLM05,2026-01-10,Low,open,2026-04-10,,M
VIO-00675,AGT-0059,FW-NIST-MEASURE-2.7,2026-03-21,High,open,2026-03-28,,XL
VIO-00676,AGT-0030,FW-NIST-MANAGE-4.1,2026-03-25,High,open,2026-04-01,,L
VIO-00677,AGT-0036,FW-OWASP-LLM05,2026-03-04,High,false_positive,2026-03-11,,L
VIO-00678,AGT-0017,FW-ISO-8.4,2026-01-03,Medium,open,2026-02-02,,M
VIO-00679,AGT-0025,FW-EUAI-ART-15,2026-03-05,Medium,false_positive,2026-04-04,,M
VIO-00680,AGT-0030,FW-OWASP-LLM02,2026-03-25,High,open,2026-04-01,,L
VIO-00681,AGT-0015,FW-ATLAS-AML.T0053,2026-02-14,Low,false_positive,2026-05-15,,M
VIO-00682,AGT-0001,FW-ATLAS-AML.T0040,2026-05-07,High,in_progress,2026-05-14,,L
VIO-00683,AGT-0022,FW-OWASP-LLM05,2026-04-15,High,in_progress,2026-04-22,,M
VIO-00684,AGT-0058,FW-ATLAS-AML.T0044,2025-12-07,High,false_positive,2025-12-14,,M
VIO-00685,AGT-0048,FW-ATLAS-AML.T0043,2026-03-30,Critical,accepted_risk,2026-04-02,,M
VIO-00686,AGT-0013,FW-ATLAS-AML.T0054,2026-02-28,Low,open,2026-05-29,,S
VIO-00687,AGT-0059,FW-OWASP-LLM06,2025-12-12,High,in_progress,2025-12-19,,S
VIO-00688,AGT-0055,FW-ISO-8.4,2026-01-27,Info,in_progress,2027-01-27,,S
VIO-00689,AGT-0058,FW-ATLAS-AML.T0044,2026-01-20,Medium,open,2026-02-19,,S
VIO-00690,AGT-0037,FW-OWASP-LLM09,2026-02-11,Critical,in_progress,2026-02-14,,L
VIO-00691,AGT-0033,FW-NIST-MEASURE-2.7,2025-12-06,High,remediated,2025-12-13,2025-12-14,XL
VIO-00692,AGT-0045,FW-ISO-8.3,2025-12-05,Medium,open,2026-01-04,,M
VIO-00693,AGT-0025,FW-OWASP-LLM07,2025-12-25,High,accepted_risk,2026-01-01,,M
VIO-00694,AGT-0017,FW-ATLAS-AML.T0054,2025-12-25,Critical,open,2025-12-28,,M
VIO-00695,AGT-0028,FW-ATLAS-AML.T0049,2026-02-24,Medium,in_progress,2026-03-26,,M
VIO-00696,AGT-0029,FW-ATLAS-AML.T0048,2026-01-03,High,remediated,2026-01-10,2026-01-05,L
VIO-00697,AGT-0052,FW-ATLAS-AML.T0054,2026-02-22,High,open,2026-03-01,,L
VIO-00698,AGT-0048,FW-OWASP-LLM10,2026-05-28,High,open,2026-06-04,,L
VIO-00699,AGT-0058,FW-ISO-8.3,2026-03-11,Medium,remediated,2026-04-10,2026-03-31,M
VIO-00700,AGT-0055,FW-OWASP-LLM04,2025-12-05,High,open,2025-12-12,,M
